Title,Slug,Excerpt,Content,Featured Image URL,Author,Publish Date,Category,Meta Description,Reading Time (mins)
"Semantic SEO: How AI Agents Map Entity Relationships","semantic-seo-ai-agents-entity-relationships","Keywords are dead; entities are the new currency. Learn how Autonomous AI Agents map, optimize, and inject entity schema into your content to dominate semantic search and rank in LLMs like ChatGPT and Perplexity.","[Copy full content from blog-content-drafts.md - Post 1: Semantic SEO]","","Avakata Team","2024-11-16","SEO","Discover how AI agents use entity mapping and Knowledge Graphs to optimize content for semantic search, boosting rankings in Google and AI answer engines.","12"
"Autonomous Technical SEO: Self-Healing Site Sweeps","autonomous-technical-seo-self-healing-sweeps","Manual technical audits are obsolete. Discover how autonomous AI agents continuously crawl, detect, and fix technical SEO issues in real-time, ensuring your site stays optimized 24/7.","[Copy full content from blog-content-drafts.md - Post 2: Autonomous SEO]","","Avakata Team","2024-11-18","SEO","Learn how AI-powered technical SEO agents automatically detect and fix crawl errors, broken links, and site health issues without human intervention.","11"
"Predictive Budgeting: How AI Forecasts ROI Before You Spend","predictive-budgeting-ai-forecasts-roi","Stop guessing your ad spend. AI-powered predictive budgeting uses historical data and market signals to forecast ROI before you commit a dollar, optimizing budget allocation across channels.","[Copy full content from blog-content-drafts.md - Post 3: Predictive Ranking]","","Avakata Team","2024-11-20","PPC","Discover how AI predictive budgeting models forecast campaign ROI before launch, enabling smarter ad spend allocation and eliminating wasted budget.","10"
"Real-Time Bid Optimization: The Death of Manual PPC","real-time-bid-optimization-death-manual-ppc","Manual bid adjustments are too slow. AI agents adjust bids every second based on real-time signals like competitor activity, conversion probability, and profit margins, maximizing ROAS.","[Copy full content from blog-content-drafts.md - Post 8: Real-Time Bid Optimization]","","Avakata Team","2024-11-22","PPC","Learn how real-time AI bid optimization outperforms manual PPC management by adjusting bids every second based on live market data and conversion signals.","10"
"Generative Creative Testing: AI-Powered Multivariate Ads","generative-creative-testing-ai-multivariate-ads","Stop running one ad at a time. AI generates and tests thousands of ad variations simultaneously, identifying winning combinations of headlines, images, and CTAs faster than any human team.","[Copy full content from blog-content-drafts.md - Post 7: Generative Creative]","","Avakata Team","2024-11-24","PPC","Discover how AI generative creative testing produces and optimizes thousands of ad variations in parallel, dramatically improving CTR and conversion rates.","11"
"CRO on Autopilot: Continuous A/B Testing Without Humans","cro-autopilot-continuous-ab-testing","Manual A/B testing is too slow and limited. AI-powered CRO runs continuous multivariate tests across your entire site, automatically implementing winning variations without human approval.","[Copy full content from blog-content-drafts.md - Post 9: CRO Automation]","","Avakata Team","2024-11-26","CRO","Learn how autonomous AI CRO systems run continuous A/B tests, automatically optimize conversion funnels, and implement winning variations in real-time.","10"
"The Pit Boss Model: Autonomy with Accountability","pit-boss-model-autonomy-accountability","Full automation without oversight is reckless. The Pit Boss Model combines AI autonomy with human accountability, allowing agents to execute while humans maintain strategic control and veto power.","[Copy full content from blog-content-drafts.md - Post 4: The Agentic Stack]","","Avakata Team","2024-11-27","Strategy","Explore the Pit Boss Model: a framework for AI autonomy with human accountability, ensuring AI agents optimize campaigns while humans retain strategic control.","9"
"From Google Analytics to Autonomous Analytics","google-analytics-autonomous-analytics-evolution","Google Analytics shows you what happened. Autonomous Analytics tells you what to do next. Learn how AI-powered analytics evolved from passive reporting to active optimization and predictive insights.","[Copy full content from blog-content-drafts.md - Post 11: Predictive Analytics]","","Avakata Team","2024-11-28","Analytics","Discover the evolution from Google Analytics to Autonomous Analytics: how AI transforms passive data reporting into active, predictive campaign optimization.","12"
"Query Mining & Negative Sculpting: AI-Powered Keyword Strategy","query-mining-negative-sculpting-ai-keyword-strategy","Stop manually reviewing search term reports. AI agents continuously mine search queries, identify high-intent keywords, and sculpt negative lists to eliminate wasted spend in real-time.","[Copy full content from blog-content-drafts.md - Post 6: Beyond Keywords]","","Avakata Team","2024-11-29","PPC","Learn how AI query mining and negative sculpting automatically optimize keyword targeting, reducing wasted ad spend and improving campaign efficiency.","10"
"Content Refresh Automation: Keeping Pages Evergreen","content-refresh-automation-evergreen-pages","Outdated content kills rankings. AI agents continuously monitor content freshness, detect decay signals, and automatically update pages with current data, statistics, and keywords to maintain rankings.","[Copy full content from blog-content-drafts.md - Post 5: Machine Learning for Content Decay]","","Avakata Team","2024-11-30","SEO","Discover how AI content refresh automation keeps your pages evergreen by automatically updating outdated statistics, keywords, and information to maintain SEO rankings.","9"
"Cross-Channel Attribution: How AI Connects the Dots","cross-channel-attribution-ai-connects-dots","Last-click attribution is a lie. AI-powered cross-channel attribution tracks the full customer journey across touchpoints, accurately crediting each channel's contribution to conversions.","[Copy full content from blog-content-drafts.md - Post 12: Marketing Mix Modeling]","","Avakata Team","2024-12-02","Analytics","Learn how AI cross-channel attribution models accurately track multi-touch customer journeys, revealing true channel performance and optimizing budget allocation.","11"
"The Future of Agencies: AI Layers, Not Replacements","future-agencies-ai-layers-not-replacements","AI won't replace agenciesâ€”it will transform them. Discover how the future of marketing agencies lies in AI augmentation: autonomous execution layers that amplify human strategy, not replace it.","[Copy full content from blog-content-drafts.md - Post 10: Generative Chat Agents]","","Avakata Team","2024-12-04","Strategy","Explore the future of marketing agencies: how AI autonomous layers augment human strategy and creativity rather than replacing agencies entirely.","10"
